{"cameraMode":{"drawMode":0,"name":"Shaded","section":"Shading Mode"},"sceneLighting":false,"audioPlay":false,"sceneViewState":{"m_AlwaysRefresh":false,"showFog":true,"showSkybox":false,"showFlares":true,"showImageEffects":true,"showParticleSystems":true,"showVisualEffectGraphs":true,"m_FxEnabled":true},"in2DMode":false,"pivot":{"x":0.3964398503303528,"y":0.3768366873264313,"z":-0.39258113503456118},"rotation":{"x":-0.017868300899863244,"y":-0.9818863868713379,"z":0.1204838827252388,"w":-0.14540231227874757},"size":0.9912991523742676,"orthographic":false}