{"cameraMode":{"drawMode":0,"name":"Shaded","section":"Shading Mode"},"sceneLighting":true,"audioPlay":false,"sceneViewState":{"m_AlwaysRefresh":false,"showFog":true,"showSkybox":true,"showFlares":true,"showImageEffects":true,"showParticleSystems":true,"showVisualEffectGraphs":true,"m_FxEnabled":true},"in2DMode":false,"pivot":{"x":-7.42108154296875,"y":-13.297327995300293,"z":-9.693193435668946},"rotation":{"x":0.023636141791939737,"y":0.8790262341499329,"z":-0.043810490518808368,"w":0.47417956590652468},"size":1.1660252809524537,"orthographic":false}