{"cameraMode":{"drawMode":0,"name":"Shaded","section":"Shading Mode"},"sceneLighting":true,"audioPlay":false,"sceneViewState":{"m_AlwaysRefresh":false,"showFog":true,"showSkybox":true,"showFlares":true,"showImageEffects":true,"showParticleSystems":true,"showVisualEffectGraphs":true,"m_FxEnabled":true},"in2DMode":false,"pivot":{"x":-0.8775320053100586,"y":-12.04874038696289,"z":0.07209351658821106},"rotation":{"x":-0.0633799359202385,"y":-0.7683825492858887,"z":0.07701312005519867,"w":-0.6322596669197083},"size":0.8660253882408142,"orthographic":false}