{"cameraMode":{"drawMode":0,"name":"Shaded","section":"Shading Mode"},"sceneLighting":false,"audioPlay":false,"sceneViewState":{"m_AlwaysRefresh":false,"showFog":true,"showSkybox":true,"showFlares":true,"showImageEffects":true,"showParticleSystems":true,"showVisualEffectGraphs":true,"m_FxEnabled":true},"in2DMode":false,"pivot":{"x":-1.3743985891342164,"y":-12.183015823364258,"z":-1.6678197383880616},"rotation":{"x":0.34074947237968447,"y":0.23743416368961335,"z":-0.08937067538499832,"w":0.9052789807319641},"size":7.844297885894775,"orthographic":true}