{"cameraMode":{"drawMode":0,"name":"Shaded","section":"Shading Mode"},"sceneLighting":false,"audioPlay":false,"sceneViewState":{"m_AlwaysRefresh":false,"showFog":true,"showSkybox":false,"showFlares":true,"showImageEffects":true,"showParticleSystems":true,"showVisualEffectGraphs":true,"m_FxEnabled":true},"in2DMode":false,"pivot":{"x":-1.0099999904632569,"y":-0.7898499965667725,"z":-7.173450469970703},"rotation":{"x":-0.015028770081698895,"y":0.8995263576507568,"z":0.03104722686111927,"w":0.4355165362358093},"size":1.6531380414962769,"orthographic":false}